0,0,0,0,0,0,0,0,0,0,0,0,0,0,0,0,0,0,0,0,0,0,0,0,0,0,0,0,0,0,0,0,0,0,0,0,0,0,0,0,0,0,0,0,0,0,0,0,0,0,0,0,0,0,0,0,0,0,0,0,0,0,0,0,0,0,0,0,0,0,0,0,0,0,0,0,0,0,0,0,0,0,0,0,0,0,0,0,0,0,0,0,0,0,0,0,0,0,0,0,0,0,0,0,0,0,0,0,0,0,0,0,0,0,0,0,0,0,0,0,0,0,0,0,0,0,0,0,
0,0,0,0,0,0,0,0,0,0,0,0,0,0,0,0,0,0,0,0,0,0,0,0,0,0,0,0,0,0,0,0,0,0,0,0,0,0,0,0,0,0,0,0,0,0,0,0,0,0,0,0,0,0,0,0,0,0,0,0,0,0,0,0,0,0,0,0,0,0,0,0,0,0,0,0,0,0,0,0,0,0,0,0,0,0,0,0,0,0,0,0,0,0,0,0,0,0,0,0,0,0,0,0,0,0,0,0,0,0,0,0,0,0,0,0,0,0,0,0,0,0,0,0,0,0,0,0,
0,0,0,0,0,0,0,0,0,0,0,0,0,0,0,0,0,0,0,0,0,0,0,0,0,0,0,0,0,0,0,0,0,0,0,0,0,0,0,0,0,0,0,0,0,0,0,0,0,0,0,0,0,0,0,0,0,0,0,0,0,0,0,0,0,0,0,0,0,0,0,0,0,0,0,0,0,0,0,0,0,0,0,0,0,0,0,0,0,0,0,0,0,0,0,0,0,0,0,0,0,0,0,0,0,0,0,0,0,0,0,0,0,0,0,0,0,0,0,0,0,0,0,0,0,0,0,0,
0,0,0,0,0,0,0,0,0,0,0,0,0,0,0,0,0,0,0,0,0,0,0,0,0,0,0,0,0,0,0,0,0,0,0,0,0,0,0,0,0,0,0,0,0,0,0,0,0,0,0,0,0,0,0,0,0,0,0,0,0,0,0,0,0,0,0,0,0,0,0,0,0,0,0,0,0,0,0,0,0,0,0,0,0,0,0,0,0,0,0,0,0,0,0,0,0,0,0,0,0,0,0,0,0,0,0,0,0,0,0,0,0,0,0,0,0,0,0,0,0,0,0,0,0,0,0,0,
0,0,0,0,0,0,0,0,0,0,0,0,0,0,0,0,0,0,0,0,0,0,0,0,0,0,0,0,0,0,0,0,0,0,0,0,0,0,0,0,0,0,0,0,0,0,0,0,0,0,0,0,0,0,0,0,0,0,0,0,0,0,0,0,0,0,0,0,0,0,0,0,0,0,0,0,0,0,0,0,0,0,0,0,0,0,0,0,0,0,0,0,0,0,0,0,0,0,0,0,0,0,0,0,0,0,0,0,0,0,0,0,0,0,0,0,0,0,0,0,0,0,0,0,0,0,0,0,
0,0,0,0,0,0,0,0,0,0,0,0,0,0,0,0,0,0,0,0,0,0,0,0,0,0,0,0,0,0,0,0,0,0,0,0,0,0,0,0,0,0,0,0,0,0,0,0,0,0,0,0,0,0,0,0,0,0,0,0,0,0,0,0,0,0,0,0,0,0,0,0,0,0,0,0,0,0,0,0,0,0,0,0,0,0,0,0,0,0,0,0,0,0,0,0,0,0,0,0,0,0,0,0,0,0,0,0,0,0,0,0,0,0,0,0,0,0,0,0,0,0,0,0,0,0,0,0,
0,0,0,0,0,0,0,0,0,0,0,0,0,0,0,0,0,0,0,0,0,0,0,0,0,0,0,0,0,0,0,0,0,0,0,0,0,0,0,0,0,0,0,0,0,0,0,0,0,0,0,0,0,0,0,0,0,0,0,0,0,0,0,0,0,0,0,0,0,0,0,0,0,0,0,0,0,0,0,0,0,0,0,0,0,0,0,0,0,0,0,0,0,0,0,0,0,0,0,0,0,0,0,0,0,0,0,0,0,0,0,0,0,0,0,0,0,0,0,0,0,0,0,0,0,0,0,0,
0,0,0,0,0,0,0,0,0,0,0,0,0,0,0,0,0,0,0,0,0,0,0,0,0,0,0,0,0,0,0,0,0,0,0,0,0,0,0,0,0,0,0,0,0,0,0,0,0,0,0,0,0,0,0,0,0,0,0,0,0,0,0,0,0,0,0,0,0,0,0,0,0,0,0,0,0,0,0,0,0,0,0,0,0,0,0,0,0,0,0,0,0,0,0,0,0,0,0,0,0,0,0,0,0,0,0,0,0,0,0,0,0,0,0,0,0,0,0,0,0,0,0,0,0,0,0,0,
0,0,0,0,0,0,0,0,0,0,0,0,0,0,0,0,0,0,0,0,0,0,0,0,0,0,0,0,0,0,0,0,0,0,0,0,0,0,0,0,0,0,0,0,0,0,0,0,0,0,0,0,0,0,0,0,0,0,0,0,0,0,0,0,0,0,0,0,0,0,0,0,0,0,0,0,0,0,0,0,0,0,0,0,0,0,0,0,0,0,0,0,0,0,0,0,0,0,0,0,0,0,0,0,0,0,0,0,0,0,0,0,0,0,0,0,0,0,0,0,0,0,0,0,0,0,0,0,
0,0,0,0,0,0,0,0,0,0,0,0,0,0,0,0,0,0,0,0,0,0,0,0,0,0,0,0,0,0,0,0,0,0,0,0,0,0,0,0,0,0,0,0,0,0,0,0,0,0,0,0,0,0,0,0,0,0,0,0,0,0,0,0,0,0,0,0,0,0,0,0,0,0,0,0,0,0,0,0,0,0,0,0,0,0,0,0,0,0,0,0,0,0,0,0,0,0,0,0,0,0,0,0,0,0,0,0,0,0,0,0,0,0,0,0,0,0,0,0,0,0,0,0,0,0,0,0,
0,0,0,0,0,0,0,0,0,0,0,0,0,0,0,0,0,0,0,0,0,0,0,0,0,0,0,0,0,0,0,0,0,0,0,0,0,0,0,0,0,0,0,0,0,0,0,0,0,0,0,0,0,0,0,0,0,0,0,0,0,0,0,0,0,0,0,0,0,0,0,0,0,0,0,0,0,0,0,0,0,0,0,0,0,0,0,0,0,0,0,0,0,0,0,0,0,0,0,0,0,0,0,0,0,0,0,0,0,0,0,0,0,0,0,0,0,0,0,0,0,0,0,0,0,0,0,0,
0,0,0,0,0,0,0,0,0,0,0,0,0,0,0,0,0,0,0,0,0,0,0,0,0,0,0,0,0,0,0,0,0,0,0,0,0,0,0,0,0,0,0,0,0,0,0,0,0,0,0,0,0,0,0,0,0,0,0,0,0,0,0,0,0,0,0,0,0,0,0,0,0,0,0,0,0,0,0,0,0,0,0,0,0,0,0,0,0,0,0,0,0,0,0,0,0,0,0,0,0,0,0,0,0,0,0,0,0,0,0,0,0,0,0,0,0,0,0,0,0,0,0,0,0,0,0,0,
0,0,0,0,0,0,0,0,0,0,0,0,0,0,0,0,0,0,0,0,0,0,0,0,0,0,0,0,0,0,0,0,0,0,0,0,0,0,0,0,0,0,0,0,0,0,0,0,0,0,0,0,0,0,0,0,0,0,0,0,0,0,0,0,0,0,0,0,0,0,0,0,0,0,0,0,0,0,0,0,0,0,0,0,0,0,0,0,0,0,0,0,0,0,0,0,0,0,0,0,0,0,0,0,0,0,0,0,0,0,0,0,0,0,0,0,0,0,0,0,0,0,0,0,0,0,0,0,
0,0,0,0,0,0,0,0,0,0,0,0,0,0,0,0,0,0,0,0,0,0,0,0,0,0,0,0,0,0,0,0,0,0,0,0,0,0,0,0,0,0,0,0,0,0,0,0,0,0,0,0,0,0,0,0,0,0,0,0,0,0,0,0,0,0,0,0,0,0,0,0,0,0,0,0,0,0,0,0,0,0,0,0,0,0,0,0,0,0,0,0,0,0,0,0,0,0,0,0,0,0,0,0,0,0,0,0,0,0,0,0,0,0,0,0,0,0,0,0,0,0,0,0,0,0,0,0,
0,0,0,0,0,0,0,0,0,0,0,0,0,0,144,116,83,81,90,96,97,100,100,101,102,105,108,115,117,119,121,123,123,123,123,125,126,126,127,127,124,122,129,137,139,126,130,143,142,144,144,149,148,152,157,163,165,177,174,176,177,181,184,190,194,196,168,118,113,124,125,125,122,125,122,122,119,115,112,112,109,106,110,121,136,143,146,144,145,147,149,151,151,148,147,146,145,145,144,142,142,140,139,138,139,140,140,136,164,212,222,226,223,160,0,0,0,0,0,0,0,0,0,0,0,0,0,0,
0,0,0,0,0,0,0,0,0,0,0,0,0,0,144,118,85,78,89,93,99,97,98,99,102,104,108,111,117,116,120,119,120,123,122,124,126,125,126,124,126,149,145,136,126,120,123,134,132,129,141,140,150,152,158,164,167,166,175,177,180,185,184,189,191,192,198,190,137,112,114,119,119,121,119,120,118,115,113,109,107,101,108,120,136,144,146,144,144,147,145,150,150,151,144,143,142,144,145,143,141,141,140,141,140,141,142,139,139,190,217,226,229,151,0,0,0,0,0,0,0,0,0,0,0,0,0,0,
0,0,0,0,0,0,0,0,0,0,0,0,0,0,143,116,81,76,84,92,94,95,98,100,100,104,105,106,114,115,118,117,123,122,122,124,124,123,120,154,112,121,122,119,121,122,126,132,129,130,136,137,144,146,155,153,166,171,174,185,184,183,186,187,186,192,195,195,196,163,111,108,115,116,116,118,116,114,111,109,106,102,105,120,136,146,148,145,144,144,144,144,146,151,146,140,140,141,144,143,142,142,140,141,139,144,143,142,141,153,211,226,199,56,0,0,0,0,0,0,0,0,0,0,0,0,0,0,
0,0,0,0,0,0,0,0,0,0,0,0,0,0,139,116,81,74,86,91,98,99,99,98,100,101,106,109,114,112,115,117,120,119,123,123,124,124,124,129,107,118,120,120,124,118,127,132,128,130,136,130,137,139,149,159,168,175,174,178,181,182,187,189,189,192,195,197,194,198,190,122,102,105,109,112,113,112,109,108,106,102,105,120,139,149,150,149,146,143,140,140,138,145,148,143,140,143,144,144,142,141,141,142,142,144,143,145,146,147,186,190,72,41,0,0,0,0,0,0,0,0,0,0,0,0,0,0,
0,0,0,0,0,0,0,0,0,0,0,0,0,0,140,115,78,75,87,93,98,99,100,97,99,99,105,108,112,114,114,116,120,118,120,122,122,120,146,110,114,112,111,117,124,124,129,126,133,136,132,133,138,141,145,152,162,166,171,180,182,186,191,190,192,194,195,194,195,198,198,196,128,98,95,104,110,110,106,106,107,102,102,118,140,150,153,153,149,144,134,130,128,136,148,146,142,144,146,144,142,140,142,144,143,145,145,148,148,154,147,66,43,43,0,0,0,0,0,0,0,0,0,0,0,0,0,0,
0,0,0,0,0,0,0,0,0,0,0,0,0,0,142,113,78,78,86,94,100,98,98,100,100,101,104,109,112,115,113,117,118,118,121,120,124,132,131,112,107,108,117,116,120,125,122,129,128,132,136,135,137,136,148,148,156,166,177,181,186,184,186,189,190,196,194,191,188,190,200,212,220,215,122,91,105,106,102,103,104,100,104,119,142,151,155,155,151,147,130,116,113,126,142,148,144,144,147,144,142,142,142,144,143,145,145,148,152,154,84,42,42,43,0,0,0,0,0,0,0,0,0,0,0,0,0,0,
0,0,0,0,0,0,0,0,0,0,0,0,0,0,140,112,80,75,88,94,97,98,100,98,100,102,105,110,112,114,115,118,120,122,120,120,124,129,112,108,109,115,119,116,122,122,122,124,124,131,130,134,131,142,139,149,156,167,180,183,185,184,186,189,190,183,184,195,208,210,213,211,215,224,206,86,92,100,101,100,100,96,102,118,139,150,154,154,152,150,134,105,88,104,131,146,147,142,144,144,142,143,144,144,144,145,147,148,155,106,44,43,42,48,0,0,0,0,0,0,0,0,0,0,0,0,0,0,
0,0,0,0,0,0,0,0,0,0,0,0,0,0,138,112,83,78,88,94,97,98,98,104,100,100,104,110,114,113,116,118,120,120,122,124,127,112,106,110,115,116,120,121,120,119,118,124,129,135,136,136,133,139,138,147,156,166,178,181,185,191,183,174,178,197,210,208,208,208,207,208,208,218,225,170,78,90,96,97,98,95,99,117,136,150,154,152,153,148,136,105,64,75,118,138,147,145,144,146,142,143,142,145,142,144,148,154,132,48,39,38,45,53,0,0,0,0,0,0,0,0,0,0,0,0,0,0,
0,0,0,0,0,0,0,0,0,0,0,0,0,0,138,113,82,77,88,94,95,100,101,103,100,100,107,108,112,115,115,120,120,120,120,126,114,106,107,113,112,118,117,118,114,116,121,126,129,137,133,137,140,140,145,146,152,162,173,179,182,168,167,194,210,208,204,202,206,206,204,206,207,210,217,223,140,76,88,94,95,94,98,116,136,151,154,153,151,149,138,111,60,52,96,126,144,148,143,144,142,142,143,144,143,146,151,148,68,50,45,45,55,53,0,0,0,0,0,0,0,0,0,0,0,0,0,0,
0,0,0,0,0,0,0,0,0,0,0,0,0,0,138,110,82,78,90,96,98,97,98,99,99,101,104,108,112,116,116,118,120,121,123,118,106,110,112,113,118,118,114,112,111,123,128,127,135,138,140,142,145,140,140,143,149,164,175,170,154,183,204,202,202,207,208,202,198,200,202,210,211,213,216,224,218,99,75,83,87,90,96,118,138,151,154,153,153,151,140,114,60,41,77,111,136,147,146,144,142,142,143,144,144,148,156,99,40,47,45,49,52,52,0,0,0,0,0,0,0,0,0,0,0,0,0,0,
0,0,0,0,0,0,0,0,0,0,0,0,0,0,138,112,82,78,89,96,100,98,98,99,100,102,103,108,112,119,115,118,120,121,127,114,113,110,111,114,117,114,115,116,119,124,128,128,136,133,138,141,142,137,139,144,152,168,150,153,191,202,200,204,202,201,196,196,203,200,201,202,202,206,208,212,217,205,131,71,78,86,93,117,137,151,154,154,152,151,141,112,60,44,58,94,124,140,148,144,141,140,143,145,146,153,133,50,37,42,52,56,53,50,0,0,0,0,0,0,0,0,0,0,0,0,0,0,
0,0,0,0,0,0,0,0,0,0,0,0,0,0,138,113,84,75,86,94,98,98,99,99,101,101,103,109,112,116,116,118,119,127,119,107,111,113,111,112,115,115,118,118,126,130,128,134,140,137,140,138,136,130,137,141,146,143,167,197,192,196,197,200,197,199,197,196,199,203,203,206,206,208,208,209,213,216,224,153,66,76,89,115,137,151,154,154,152,155,139,110,64,44,40,64,105,131,146,146,142,140,142,146,150,149,70,38,40,45,54,55,54,49,0,0,0,0,0,0,0,0,0,0,0,0,0,0,
0,0,0,0,0,0,0,0,0,0,0,0,0,0,140,112,84,76,87,94,95,98,102,98,98,100,103,108,111,115,118,116,118,146,102,102,105,114,112,112,113,112,117,121,128,132,138,143,134,140,140,139,133,130,134,128,144,172,190,198,193,192,188,192,190,192,201,203,204,202,206,205,206,204,208,207,210,212,215,220,108,63,84,113,134,149,153,153,152,153,140,114,68,43,41,44,77,117,136,145,142,138,141,146,153,105,41,43,44,51,53,54,54,45,0,0,0,0,0,0,0,0,0,0,0,0,0,0,
0,0,0,0,0,0,0,0,0,0,0,0,0,0,140,113,84,77,86,91,96,98,100,101,99,100,105,108,114,114,114,110,143,142,98,106,108,110,110,113,114,117,121,124,126,135,142,132,132,138,139,133,129,119,120,154,184,189,187,189,191,191,186,187,192,199,201,204,203,206,201,205,205,204,204,202,204,212,216,222,196,78,75,108,134,148,153,154,153,151,138,113,70,45,45,39,49,87,116,138,149,139,140,148,134,50,42,44,49,54,52,53,49,50,0,0,0,0,0,0,0,0,0,0,0,0,0,0,
0,0,0,0,0,0,0,0,0,0,0,0,0,0,141,116,84,77,86,94,93,96,99,101,100,105,107,108,110,114,110,104,187,120,103,103,107,110,112,110,117,119,122,127,132,136,135,134,133,138,134,125,118,118,167,184,186,188,185,186,180,179,191,198,197,194,198,203,203,201,203,201,198,199,205,209,204,209,211,218,228,151,62,106,134,149,150,152,152,153,140,114,70,45,44,42,36,53,149,207,211,194,196,176,70,42,46,47,54,54,53,58,52,52,0,0,0,0,0,0,0,0,0,0,0,0,0,0,
0,0,0,0,0,0,0,0,0,0,0,0,0,0,140,113,79,74,83,88,92,94,95,94,98,101,102,106,108,109,105,122,194,109,101,104,108,114,111,113,116,116,126,130,138,132,135,128,137,128,114,111,136,172,176,190,177,173,186,180,183,186,190,195,196,195,195,196,200,194,195,204,204,204,202,206,207,207,208,212,222,206,66,98,132,148,152,153,154,152,140,112,70,44,42,36,51,169,215,196,202,218,224,222,72,43,45,50,55,54,55,51,52,52,0,0,0,0,0,0,0,0,0,0,0,0,0,0,
0,0,0,0,0,0,0,0,0,0,0,0,0,0,139,112,77,71,80,91,94,97,98,97,98,100,104,104,110,110,102,161,182,114,99,104,108,113,113,116,116,120,129,127,126,118,130,135,128,121,109,148,176,181,168,171,179,174,171,182,184,187,189,192,194,193,192,188,190,200,202,202,202,199,200,201,204,204,202,207,214,225,134,87,130,148,153,154,154,152,141,110,63,39,35,77,194,201,184,214,219,220,223,233,140,38,44,49,54,53,49,49,50,46,0,0,0,0,0,0,0,0,0,0,0,0,0,0,
0,0,0,0,0,0,0,0,0,0,0,0,0,0,140,112,78,74,79,91,96,99,98,99,100,100,103,107,111,114,102,192,168,102,99,103,108,114,105,115,121,129,124,119,119,131,126,126,113,109,157,174,176,165,166,170,170,179,182,173,189,191,185,186,189,188,184,197,196,198,192,201,198,200,199,201,207,204,206,205,207,215,211,96,127,147,155,156,155,151,137,104,50,32,109,210,182,184,218,214,210,211,208,226,180,36,44,49,52,52,48,48,41,50,0,0,0,0,0,0,0,0,0,0,0,0,0,0,
0,0,0,0,0,0,0,0,0,0,0,0,0,0,144,112,81,76,84,92,97,98,100,100,100,104,105,108,111,110,104,205,164,102,101,105,103,100,114,121,124,121,119,118,132,132,130,117,112,159,166,168,162,164,168,174,182,174,178,188,182,183,187,182,172,186,191,198,197,192,196,192,200,198,201,195,196,198,203,203,205,206,214,181,127,145,152,155,154,148,129,86,62,156,210,180,194,214,211,207,199,203,213,224,184,33,47,55,51,45,45,44,47,50,0,0,0,0,0,0,0,0,0,0,0,0,0,0,
0,0,0,0,0,0,0,0,0,0,0,0,0,0,145,113,82,78,86,94,99,100,102,104,101,101,108,109,112,110,118,210,143,104,94,100,104,114,115,113,118,116,122,125,129,124,116,111,158,156,160,147,168,159,170,175,179,185,175,180,182,180,175,169,182,189,182,191,194,194,196,196,197,198,164,191,200,200,200,201,200,199,205,213,200,143,151,152,150,142,118,130,202,198,183,205,212,206,205,200,202,208,216,224,170,37,48,50,54,50,47,47,53,54,0,0,0,0,0,0,0,0,0,0,0,0,0,0,
0,0,0,0,0,0,0,0,0,0,0,0,0,0,146,116,82,78,86,93,100,100,101,100,100,99,104,108,110,104,134,202,131,111,97,104,106,102,106,117,114,123,128,121,118,114,118,154,156,150,144,151,147,172,172,178,174,171,177,176,179,172,168,185,181,183,185,186,187,190,196,201,194,166,187,192,198,198,199,199,198,196,196,200,208,172,152,148,144,152,194,205,188,190,208,209,204,201,200,202,205,212,216,224,136,40,50,47,50,50,43,45,52,47,0,0,0,0,0,0,0,0,0,0,0,0,0,0,
0,0,0,0,0,0,0,0,0,0,0,0,0,0,147,116,82,77,89,93,98,98,101,101,99,100,103,107,106,96,161,188,137,115,104,104,103,101,107,107,115,120,115,120,115,129,148,148,145,149,141,148,164,161,177,169,166,168,177,182,156,175,176,173,182,176,177,178,178,190,180,182,176,188,184,184,191,194,194,191,191,195,188,189,194,190,146,152,180,204,193,186,200,208,203,200,199,201,204,203,206,211,219,226,101,46,52,51,49,44,43,48,52,56,0,0,0,0,0,0,0,0,0,0,0,0,0,0,
0,0,0,0,0,0,0,0,0,0,0,0,0,0,148,116,83,77,90,91,97,99,98,98,96,100,102,104,103,89,187,185,145,120,102,104,105,106,108,113,118,114,125,119,122,147,152,139,146,134,145,156,160,164,156,167,176,170,164,159,174,172,177,176,174,173,177,184,189,180,172,183,189,178,188,191,193,189,188,182,188,186,185,184,184,192,176,202,194,188,196,205,206,202,200,199,201,205,203,199,202,210,220,226,68,46,49,51,52,43,47,48,57,71,0,0,0,0,0,0,0,0,0,0,0,0,0,0,
0,0,0,0,0,0,0,0,0,0,0,0,0,0,148,116,82,76,86,94,96,98,98,97,97,98,99,106,101,91,205,185,151,128,117,108,104,106,112,111,120,123,120,116,148,145,138,148,127,143,147,152,154,150,167,171,170,164,160,174,172,173,172,172,174,169,173,180,178,183,180,180,182,190,186,189,185,179,174,183,183,179,178,164,181,194,188,189,195,204,208,197,199,200,198,199,202,203,200,186,203,209,218,205,40,43,47,49,47,44,50,52,52,100,0,0,0,0,0,0,0,0,0,0,0,0,0,0,
0,0,0,0,0,0,0,0,0,0,0,0,0,0,147,119,83,78,88,94,97,99,97,99,98,97,102,102,101,94,208,182,152,138,126,117,104,106,106,108,119,108,121,140,146,138,144,122,143,150,154,141,140,156,166,170,151,165,178,167,165,174,176,173,169,171,165,170,178,176,176,184,177,186,188,178,179,180,174,174,182,166,162,188,192,180,192,201,204,204,198,196,200,198,198,202,203,204,172,166,195,199,214,151,36,43,47,50,50,46,52,50,57,132,0,0,0,0,0,0,0,0,0,0,0,0,0,0,
0,0,0,0,0,0,0,0,0,0,0,0,0,0,148,117,84,78,90,95,98,99,98,98,98,99,100,102,100,94,206,179,162,146,138,124,112,92,104,117,111,116,144,136,137,144,115,142,150,147,145,149,153,141,156,145,168,172,164,168,167,164,171,163,164,163,169,161,163,172,174,176,186,177,178,175,170,181,175,162,162,175,194,184,190,199,202,200,193,192,195,198,199,198,200,203,205,186,155,170,158,178,210,77,44,52,50,49,42,47,44,67,102,148,0,0,0,0,0,0,0,0,0,0,0,0,0,0,
0,0,0,0,0,0,0,0,0,0,0,0,0,0,149,117,83,77,88,94,98,98,98,96,97,98,101,100,96,96,204,178,160,153,138,136,106,98,105,104,117,142,133,135,135,116,137,140,148,140,143,143,152,153,140,163,158,159,169,164,165,163,158,168,162,161,156,163,167,169,173,166,175,176,168,173,165,170,164,164,187,181,184,195,204,201,195,190,192,192,196,200,200,201,202,206,203,156,170,155,145,179,190,35,39,51,53,42,48,48,54,85,142,150,0,0,0,0,0,0,0,0,0,0,0,0,0,0,
0,0,0,0,0,0,0,0,0,0,0,0,0,0,149,119,85,79,89,95,97,96,97,98,96,100,98,99,92,105,203,181,165,151,138,138,118,108,102,118,142,136,132,130,116,137,142,145,138,136,134,149,144,141,160,155,155,156,158,154,156,164,168,155,150,162,165,166,163,166,168,165,163,160,168,161,158,155,179,184,178,190,199,198,191,192,191,194,194,198,200,202,201,202,206,210,173,162,157,157,158,191,134,38,46,48,49,46,51,47,64,117,153,144,0,0,0,0,0,0,0,0,0,0,0,0,0,0,
0,0,0,0,0,0,0,0,0,0,0,0,0,0,151,122,84,76,86,94,96,96,95,97,98,97,97,98,89,113,208,189,174,162,146,144,128,102,109,139,126,132,130,119,134,138,144,138,130,126,150,142,137,160,157,150,143,153,154,141,132,123,121,162,164,159,161,160,164,160,161,164,161,162,152,152,169,186,174,187,196,198,188,185,186,192,194,196,198,202,202,202,202,205,209,200,156,156,143,116,145,217,63,41,50,51,51,59,54,51,79,145,149,145,0,0,0,0,0,0,0,0,0,0,0,0,0,0,
0,0,0,0,0,0,0,0,0,0,0,0,0,0,151,119,82,72,86,94,97,96,95,97,96,96,98,96,88,111,212,194,174,162,154,151,143,109,123,126,129,131,113,131,144,136,138,124,130,141,137,137,150,146,113,122,116,103,107,116,147,156,114,131,144,156,150,150,144,156,146,108,126,152,146,177,179,174,196,198,195,191,190,192,192,196,198,199,201,202,202,203,204,208,212,171,144,100,86,118,194,182,32,38,48,46,45,54,50,57,114,152,145,151,0,0,0,0,0,0,0,0,0,0,0,0,0,0,
0,0,0,0,0,0,0,0,0,0,0,0,0,0,153,120,81,74,84,93,96,97,99,98,98,98,98,96,86,106,213,196,186,168,145,147,148,115,119,118,126,110,128,140,134,133,120,127,133,135,132,144,148,124,136,131,112,98,83,70,156,165,136,125,117,88,108,112,96,78,68,80,43,153,178,161,175,192,198,194,194,194,193,190,195,199,200,200,200,204,202,203,207,204,163,114,82,90,107,173,216,73,38,47,47,44,45,53,47,78,142,148,145,157,0,0,0,0,0,0,0,0,0,0,0,0,0,0,
0,0,0,0,0,0,0,0,0,0,0,0,0,0,152,122,82,73,84,94,96,98,98,99,97,98,99,98,92,94,210,196,197,172,134,130,130,108,115,123,102,124,138,133,134,122,130,131,134,126,143,139,115,133,131,106,108,109,103,88,115,131,108,73,64,95,78,72,48,42,46,46,100,169,158,192,199,195,194,192,194,194,190,193,196,198,199,198,200,204,208,191,146,102,91,86,92,109,166,206,140,42,45,50,49,45,52,47,43,111,148,143,151,161,0,0,0,0,0,0,0,0,0,0,0,0,0,0,
0,0,0,0,0,0,0,0,0,0,0,0,0,0,154,121,81,76,85,95,95,98,98,100,98,99,98,96,92,78,198,203,198,177,127,123,138,120,118,106,119,136,135,132,119,127,134,132,124,138,136,120,126,130,111,126,105,90,69,64,77,108,99,91,98,83,61,80,47,36,36,134,153,158,189,196,196,194,192,190,193,193,191,192,194,196,200,201,208,198,127,90,86,86,95,104,134,176,199,98,40,42,50,47,47,49,55,44,61,138,146,145,159,162,0,0,0,0,0,0,0,0,0,0,0,0,0,0,
0,0,0,0,0,0,0,0,0,0,0,0,0,0,153,122,83,74,85,93,95,97,97,99,98,98,98,96,96,80,170,202,199,177,134,140,144,134,104,112,132,135,132,118,126,132,130,124,139,136,119,120,134,116,90,76,80,62,54,61,106,109,67,81,97,84,62,83,30,48,151,140,150,194,182,182,191,190,190,186,189,190,190,192,195,196,200,195,148,131,97,92,92,108,139,161,176,199,110,40,46,50,52,44,44,53,59,52,101,148,144,154,164,162,0,0,0,0,0,0,0,0,0,0,0,0,0,0,
0,0,0,0,0,0,0,0,0,0,0,0,0,0,154,123,84,74,83,92,94,97,97,98,98,97,98,99,98,86,118,209,194,188,154,133,142,122,108,130,134,130,112,125,128,126,121,133,136,138,122,126,96,63,80,77,52,50,48,99,112,62,47,101,77,71,36,89,62,153,134,170,194,184,179,185,185,185,185,185,188,190,190,193,197,199,152,93,103,133,136,138,156,165,168,170,196,108,38,46,53,54,51,48,44,55,50,60,133,148,142,162,163,164,0,0,0,0,0,0,0,0,0,0,0,0,0,0,
0,0,0,0,0,0,0,0,0,0,0,0,0,0,152,124,84,74,86,92,94,95,98,99,98,98,97,99,101,92,89,208,198,196,169,161,146,102,126,136,134,107,120,127,124,122,126,126,106,119,124,79,66,79,63,46,62,40,63,101,63,51,105,100,72,61,38,108,154,129,174,197,184,178,182,183,179,178,178,184,188,190,192,196,171,90,63,122,107,121,159,164,167,167,176,201,120,37,42,49,53,52,52,44,49,53,47,87,146,143,150,164,164,163,0,0,0,0,0,0,0,0,0,0,0,0,0,0,
0,0,0,0,0,0,0,0,0,0,0,0,0,0,153,127,82,71,85,90,94,94,96,97,96,96,96,102,104,100,87,156,212,193,163,176,118,118,128,129,111,124,126,120,120,124,136,133,93,77,77,73,83,69,49,84,47,41,85,60,50,76,70,92,57,100,68,152,125,179,197,190,184,180,180,180,175,176,176,186,190,190,189,159,70,68,102,108,122,116,146,161,169,180,192,95,38,42,47,52,55,56,50,45,50,49,56,116,142,139,160,166,164,164,0,0,0,0,0,0,0,0,0,0,0,0,0,0,
0,0,0,0,0,0,0,0,0,0,0,0,0,0,154,125,82,74,82,90,93,97,97,96,98,95,98,103,105,104,97,90,200,201,182,182,122,130,130,120,117,129,130,124,118,134,120,114,102,85,68,87,58,41,55,106,36,50,83,50,56,52,54,74,87,100,115,111,186,195,192,185,181,178,181,178,168,180,180,185,184,182,190,178,100,86,96,95,128,115,134,162,190,175,67,40,42,48,53,50,56,51,46,44,53,53,78,131,127,142,166,166,163,162,0,0,0,0,0,0,0,0,0,0,0,0,0,0,
0,0,0,0,0,0,0,0,0,0,0,0,0,0,153,125,82,71,82,89,94,96,96,97,97,99,99,104,108,109,104,90,134,208,192,175,132,118,118,112,128,126,118,119,128,120,116,83,72,78,89,86,55,45,65,87,45,69,50,55,73,76,75,76,97,118,121,166,186,184,187,180,175,176,176,173,173,180,180,185,188,192,198,190,141,88,91,101,92,135,134,168,136,47,42,46,45,54,55,54,55,48,44,48,51,58,101,132,124,154,168,166,162,163,0,0,0,0,0,0,0,0,0,0,0,0,0,0,
0,0,0,0,0,0,0,0,0,0,0,0,0,0,154,127,82,71,80,89,94,97,96,96,96,97,100,104,108,112,108,98,109,219,202,187,130,124,108,118,124,116,124,132,120,114,111,69,62,56,79,74,62,50,66,84,80,44,46,47,48,43,47,88,82,107,140,164,177,180,178,169,170,174,175,174,172,172,190,196,194,196,196,197,169,103,69,73,82,114,139,147,98,40,42,43,53,54,58,57,53,45,42,52,49,71,126,126,129,158,165,165,164,163,0,0,0,0,0,0,0,0,0,0,0,0,0,0,
0,0,0,0,0,0,0,0,0,0,0,0,0,0,154,127,82,72,84,92,96,98,99,99,98,97,100,104,111,113,109,101,108,218,213,156,108,120,120,121,107,132,134,127,107,74,59,80,48,44,60,74,83,53,66,66,117,47,46,44,42,35,86,102,112,148,175,179,184,185,170,162,168,179,167,163,175,191,196,200,196,196,199,197,177,117,74,44,80,90,138,152,82,45,44,46,52,57,57,60,51,46,44,50,46,95,137,126,142,158,163,165,163,163,0,0,0,0,0,0,0,0,0,0,0,0,0,0,
0,0,0,0,0,0,0,0,0,0,0,0,0,0,156,127,85,72,82,92,95,98,100,100,97,99,102,106,109,114,111,106,101,214,210,114,104,112,116,113,126,122,123,116,106,41,70,54,44,46,48,76,69,63,74,42,102,88,71,37,31,91,128,128,167,134,182,181,190,177,162,159,175,175,160,172,184,192,194,200,199,202,206,205,189,132,82,41,57,74,147,160,61,46,45,48,52,55,60,60,46,44,49,46,60,123,136,134,151,149,154,160,163,164,0,0,0,0,0,0,0,0,0,0,0,0,0,0,
0,0,0,0,0,0,0,0,0,0,0,0,0,0,156,130,88,73,81,91,96,100,101,101,100,100,101,104,132,113,113,110,96,186,198,108,117,110,107,132,123,102,77,77,72,50,88,42,50,55,48,53,65,57,82,65,78,70,36,31,74,139,135,176,164,140,167,179,181,170,168,168,166,155,169,180,188,196,197,201,200,205,208,210,200,153,94,46,42,66,124,165,66,51,52,54,54,56,63,55,45,47,54,42,79,140,130,147,158,152,150,149,151,153,0,0,0,0,0,0,0,0,0,0,0,0,0,0,
0,0,0,0,0,0,0,0,0,0,0,0,0,0,155,128,89,75,84,94,100,102,104,102,100,98,100,124,115,115,115,115,110,132,206,112,113,115,123,125,132,111,86,54,48,41,82,40,62,55,48,52,55,51,85,100,66,104,28,63,142,134,176,178,172,149,169,187,187,168,167,156,153,166,170,186,190,195,198,202,201,207,208,211,205,170,100,56,34,56,102,166,80,53,52,52,58,60,64,52,45,49,51,45,107,141,134,159,161,155,152,151,149,147,0,0,0,0,0,0,0,0,0,0,0,0,0,0,
0,0,0,0,0,0,0,0,0,0,0,0,0,0,155,129,88,78,89,94,97,100,100,103,101,101,103,116,114,116,119,119,116,110,187,124,110,130,127,131,113,74,51,82,42,40,78,60,54,56,53,50,65,44,76,70,44,110,46,138,124,169,172,188,181,144,165,193,172,161,157,156,165,171,173,184,193,195,198,203,203,206,209,212,210,182,116,68,40,45,83,170,92,45,52,56,58,58,61,51,46,53,47,60,137,137,142,164,163,162,159,155,154,151,0,0,0,0,0,0,0,0,0,0,0,0,0,0,
0,0,0,0,0,0,0,0,0,0,0,0,0,0,156,128,86,76,87,94,98,101,102,104,102,102,105,110,116,114,114,112,110,128,116,114,124,136,129,120,74,62,37,80,52,49,42,65,80,44,50,55,60,57,46,86,28,61,132,121,164,159,168,186,186,154,174,176,157,156,157,162,170,172,176,180,190,195,198,198,201,204,208,210,212,194,132,84,45,38,76,164,95,51,51,56,60,63,56,47,50,52,43,97,140,134,152,164,160,160,158,163,161,161,0,0,0,0,0,0,0,0,0,0,0,0,0,0,
0,0,0,0,0,0,0,0,0,0,0,0,0,0,155,127,88,75,84,94,99,100,102,102,102,102,104,110,115,118,119,118,118,134,124,152,119,129,120,114,54,86,30,96,48,44,67,91,62,41,50,67,41,83,56,62,37,102,100,163,165,164,162,188,185,178,178,150,152,163,165,168,174,176,177,177,186,193,195,195,198,202,205,209,209,202,143,84,43,40,62,152,113,58,64,57,60,63,51,51,52,48,54,121,137,134,158,162,162,160,159,161,164,165,0,0,0,0,0,0,0,0,0,0,0,0,0,0,
0,0,0,0,0,0,0,0,0,0,0,0,0,0,156,128,88,76,86,92,99,103,101,100,100,102,104,112,116,118,118,135,164,86,48,90,146,124,109,68,76,67,42,108,36,50,59,55,42,46,50,62,45,81,66,44,75,123,148,172,181,163,159,190,194,171,98,96,110,120,138,162,175,180,176,175,180,189,194,190,194,198,201,206,205,184,128,59,42,38,60,136,131,56,62,59,66,64,48,49,53,45,74,135,132,142,160,159,158,158,158,157,160,162,0,0,0,0,0,0,0,0,0,0,0,0,0,0,
0,0,0,0,0,0,0,0,0,0,0,0,0,0,157,130,86,76,85,94,96,103,100,101,102,101,104,110,115,118,124,144,138,52,37,112,154,100,78,58,93,45,72,108,33,50,66,60,56,48,40,72,74,68,52,45,136,128,172,180,191,154,174,194,166,128,146,144,129,93,72,81,121,166,174,172,174,187,192,187,191,194,196,178,138,102,89,70,45,41,55,116,151,57,62,64,63,53,50,48,56,47,96,138,129,153,162,158,157,157,156,155,156,157,0,0,0,0,0,0,0,0,0,0,0,0,0,0,
0,0,0,0,0,0,0,0,0,0,0,0,0,0,157,131,87,79,86,95,101,102,100,100,97,100,102,106,108,121,152,143,151,85,76,112,116,77,57,84,73,66,78,83,51,59,50,52,88,38,41,42,76,60,33,113,130,176,172,193,178,162,195,146,115,126,134,107,154,122,104,93,84,112,158,164,169,183,192,189,189,178,135,98,102,106,116,92,61,43,52,108,151,70,57,61,64,52,50,52,54,57,117,135,134,158,160,158,156,156,155,154,154,156,0,0,0,0,0,0,0,0,0,0,0,0,0,0,
0,0,0,0,0,0,0,0,0,0,0,0,0,0,159,133,88,75,84,93,98,101,100,99,98,97,98,108,133,142,153,152,160,148,144,67,53,64,74,106,66,92,56,57,66,63,48,40,89,58,41,46,39,43,68,128,170,170,188,198,179,190,120,81,77,66,62,50,65,49,80,118,122,122,139,155,160,184,194,194,190,147,103,74,56,54,61,66,62,40,54,102,152,84,54,66,59,48,48,51,46,66,136,131,143,159,158,156,155,155,156,153,154,155,0,0,0,0,0,0,0,0,0,0,0,0,0,0,
0,0,0,0,0,0,0,0,0,0,0,0,0,0,156,132,88,72,83,88,94,100,97,96,96,91,94,166,183,136,149,152,141,78,73,34,72,86,94,79,82,109,54,59,55,75,56,39,42,107,71,42,40,36,132,145,174,177,196,193,192,115,63,51,48,49,45,55,109,62,37,68,131,127,136,146,159,184,202,205,142,62,51,63,80,47,55,56,48,43,54,92,158,84,59,65,53,46,49,54,45,82,142,134,156,158,156,154,153,152,153,155,153,154,0,0,0,0,0,0,0,0,0,0,0,0,0,0,
0,0,0,0,0,0,0,0,0,0,0,0,0,0,156,130,86,74,86,94,97,97,97,98,93,88,100,192,158,139,150,130,133,68,39,68,80,61,62,51,104,105,45,48,44,57,78,44,43,50,51,61,43,90,122,182,175,182,200,199,130,77,53,46,76,66,45,74,184,180,78,85,111,119,133,142,157,187,214,176,57,52,52,107,158,70,46,52,47,45,58,84,162,89,68,65,51,48,52,46,50,116,142,140,158,156,156,153,152,152,152,152,152,152,0,0,0,0,0,0,0,0,0,0,0,0,0,0,
0,0,0,0,0,0,0,0,0,0,0,0,0,0,157,130,90,77,88,98,102,101,102,103,104,78,52,134,148,189,161,83,63,36,66,78,53,65,65,68,105,118,42,46,48,41,92,44,42,49,40,39,49,108,147,159,174,196,199,150,110,108,83,51,106,80,74,94,204,206,150,103,105,115,124,138,161,196,216,123,103,84,83,96,168,88,46,43,44,43,67,76,171,86,81,60,49,50,53,46,62,134,137,146,157,156,155,152,150,151,150,152,152,151,0,0,0,0,0,0,0,0,0,0,0,0,0,0,
0,0,0,0,0,0,0,0,0,0,0,0,0,0,159,130,94,82,92,101,106,107,109,81,58,80,107,166,183,208,93,60,40,70,102,61,54,78,83,89,98,125,60,46,48,41,52,54,44,50,38,36,112,120,172,176,195,198,145,116,123,137,133,94,99,128,128,178,200,191,148,124,126,118,126,134,161,207,211,112,119,121,122,174,153,77,54,52,48,49,71,70,175,87,87,57,47,46,54,44,81,139,136,154,156,155,152,152,150,151,158,151,151,154,0,0,0,0,0,0,0,0,0,0,0,0,0,0,
0,0,0,0,0,0,0,0,0,0,0,0,0,0,162,133,94,83,95,103,110,109,128,42,90,152,142,148,146,59,45,89,97,82,79,35,69,72,76,87,115,124,91,62,41,42,46,46,50,44,33,62,118,170,169,188,202,142,106,129,134,140,143,138,131,114,112,135,128,151,168,152,124,124,127,132,157,204,214,165,144,139,125,119,77,65,80,56,47,53,72,64,174,101,84,54,48,46,56,56,114,137,138,157,155,154,151,151,148,150,157,151,151,152,0,0,0,0,0,0,0,0,0,0,0,0,0,0,
0,0,0,0,0,0,0,0,0,0,0,0,0,0,163,134,94,80,92,101,108,108,118,132,149,144,100,73,84,47,46,48,119,124,108,60,53,73,95,81,100,126,111,48,46,48,45,47,48,39,32,128,123,170,179,200,147,90,121,135,146,148,148,144,145,139,134,140,143,156,153,151,126,134,128,127,154,199,217,174,152,135,129,122,96,96,90,58,43,50,69,62,172,117,74,50,47,52,50,59,132,131,147,157,154,153,151,150,151,150,149,150,149,150,0,0,0,0,0,0,0,0,0,0,0,0,0,0,
0,0,0,0,0,0,0,0,0,0,0,0,0,0,162,136,93,81,92,101,108,108,109,138,131,103,67,90,62,41,71,77,99,78,92,42,47,75,66,120,101,89,98,52,45,45,43,50,48,39,83,116,160,180,198,164,79,110,124,136,149,154,161,161,161,156,158,164,168,166,165,151,134,138,128,127,151,194,218,188,166,154,142,129,120,114,102,64,47,55,67,59,170,125,70,48,45,51,42,75,136,132,152,155,154,152,151,150,150,150,150,149,148,147,0,0,0,0,0,0,0,0,0,0,0,0,0,0,
0,0,0,0,0,0,0,0,0,0,0,0,0,0,162,135,94,79,91,99,106,110,122,122,147,130,132,79,58,58,91,112,97,98,65,37,49,93,89,90,106,133,98,68,54,48,44,46,46,46,132,122,179,192,184,64,96,116,126,136,146,155,164,166,173,171,170,171,169,172,162,148,140,137,128,126,142,190,219,189,174,156,144,135,128,121,107,65,48,56,67,49,166,138,59,46,46,51,43,102,136,136,158,155,153,152,151,150,150,150,148,148,146,145,0,0,0,0,0,0,0,0,0,0,0,0,0,0,
0,0,0,0,0,0,0,0,0,0,0,0,0,0,162,135,92,78,88,102,123,138,140,137,106,62,74,58,61,76,88,106,125,79,47,43,44,48,78,98,95,46,95,124,67,45,46,46,41,91,121,159,188,203,68,65,104,120,126,135,146,152,162,170,175,174,176,176,175,173,164,150,146,140,131,128,137,184,219,194,167,160,146,134,129,125,112,63,50,60,68,45,160,150,56,44,46,49,48,123,135,144,159,155,153,152,150,151,148,151,148,146,145,144,0,0,0,0,0,0,0,0,0,0,0,0,0,0,
0,0,0,0,0,0,0,0,0,0,0,0,0,0,160,135,94,79,91,104,109,112,122,89,86,90,76,56,86,80,97,122,74,64,47,47,46,51,54,60,66,32,99,130,81,42,40,42,42,134,126,190,194,114,41,73,111,121,125,133,142,150,157,169,174,178,180,174,173,170,159,150,146,142,132,128,138,178,221,198,165,160,149,138,130,126,107,58,51,55,70,40,152,150,60,41,55,46,62,135,137,154,159,153,153,152,150,149,148,147,147,146,144,145,0,0,0,0,0,0,0,0,0,0,0,0,0,0,
0,0,0,0,0,0,0,0,0,0,0,0,0,0,161,136,92,79,90,99,105,111,102,113,116,83,95,94,82,54,76,114,76,60,46,52,50,47,50,58,58,39,100,112,139,42,36,34,87,118,163,195,172,39,52,75,110,121,129,132,141,146,152,159,168,176,176,174,172,164,156,144,140,138,128,126,138,168,216,204,164,158,149,140,131,125,98,53,48,53,69,36,151,152,80,38,60,47,87,139,139,169,156,154,154,152,150,148,146,146,145,143,142,142,0,0,0,0,0,0,0,0,0,0,0,0,0,0,
0,0,0,0,0,0,0,0,0,0,0,0,0,0,158,136,91,73,114,97,107,137,138,77,70,128,94,74,66,78,78,127,103,52,58,55,42,42,44,72,58,55,113,113,110,121,33,36,126,116,197,206,66,40,60,73,104,119,127,132,139,146,153,157,164,172,171,171,168,163,153,139,133,134,125,123,134,162,211,210,161,156,147,139,131,125,86,46,54,60,69,33,135,147,103,40,55,44,113,138,146,160,157,155,153,152,150,148,146,145,144,143,141,140,0,0,0,0,0,0,0,0,0,0,0,0,0,0,
0,0,0,0,0,0,0,0,0,0,0,0,0,0,159,135,88,72,105,124,138,120,107,58,122,95,86,58,88,98,108,121,108,64,56,51,37,39,61,107,60,89,144,170,55,92,26,72,125,151,208,113,32,40,69,71,103,119,126,130,137,143,150,154,160,162,166,167,165,162,151,137,130,130,124,121,129,158,200,223,161,154,146,139,130,119,73,43,52,68,68,33,120,152,116,35,47,54,131,137,153,158,156,151,153,152,150,149,146,147,145,143,139,139,0,0,0,0,0,0,0,0,0,0,0,0,0,0,
0,0,0,0,0,0,0,0,0,0,0,0,0,0,160,136,90,73,83,108,116,126,110,64,95,94,78,84,91,87,95,129,86,64,44,48,46,44,72,76,98,116,77,106,43,43,38,113,119,193,158,32,38,42,83,73,98,117,126,131,134,140,148,150,152,155,160,163,161,156,146,131,122,132,125,121,129,152,191,227,165,152,148,136,129,112,53,44,55,69,65,34,103,155,129,43,39,78,140,138,158,156,154,151,150,150,152,148,147,147,146,143,140,137,0,0,0,0,0,0,0,0,0,0,0,0,0,0,
0,0,0,0,0,0,0,0,0,0,0,0,0,0,162,136,91,73,113,120,106,115,84,79,84,106,78,64,110,50,106,116,90,87,45,59,49,37,66,112,89,123,78,52,38,37,135,132,120,165,104,34,40,46,92,72,100,118,125,129,134,140,144,150,150,155,156,159,159,152,143,118,122,138,139,132,126,148,190,226,162,146,144,133,125,95,42,46,54,71,62,37,81,162,142,53,34,104,145,142,158,155,153,150,150,148,149,148,148,147,146,145,139,133,0,0,0,0,0,0,0,0,0,0,0,0,0,0,
0,0,0,0,0,0,0,0,0,0,0,0,0,0,162,136,101,97,98,96,106,119,79,73,105,99,58,81,101,50,104,97,120,102,52,50,65,38,52,56,49,98,52,37,35,72,176,176,180,139,44,35,44,46,95,76,102,118,124,128,133,139,142,148,150,151,154,157,157,154,144,121,128,124,101,122,120,134,178,203,152,147,142,132,121,58,42,49,55,68,58,44,63,165,140,60,40,123,145,149,158,154,152,149,150,149,150,146,146,147,144,142,138,131,0,0,0,0,0,0,0,0,0,0,0,0,0,0,
0,0,0,0,0,0,0,0,0,0,0,0,0,0,164,138,97,73,87,98,106,108,84,82,100,92,43,119,70,76,98,99,145,92,59,50,67,61,35,44,99,89,44,46,38,117,170,185,166,36,39,42,46,46,104,83,105,116,122,128,132,137,144,147,149,150,154,156,157,156,147,134,124,113,96,106,100,118,159,180,156,145,139,132,101,45,46,51,60,67,62,50,46,161,139,69,64,139,145,152,156,153,150,150,148,150,148,146,145,143,144,141,138,132,0,0,0,0,0,0,0,0,0,0,0,0,0,0,
0,0,0,0,0,0,0,0,0,0,0,0,0,0,164,138,96,74,88,96,112,112,63,76,75,50,92,81,81,75,98,94,127,118,82,41,70,149,40,39,92,49,82,106,134,108,120,184,53,37,62,54,42,49,112,85,110,118,124,127,130,135,141,144,145,148,152,154,156,156,152,146,137,128,132,135,132,170,188,171,154,145,135,128,64,46,46,53,67,76,62,50,38,152,138,83,80,145,144,157,155,153,150,150,148,148,148,147,145,144,142,141,135,133,0,0,0,0,0,0,0,0,0,0,0,0,0,0,
0,0,0,0,0,0,0,0,0,0,0,0,0,0,165,140,97,76,88,96,107,141,62,71,70,92,91,47,74,77,105,112,90,130,124,52,68,116,56,59,48,115,126,166,129,102,170,110,47,52,54,57,49,51,109,90,110,121,124,126,130,137,140,142,143,148,152,154,158,156,154,151,147,141,148,182,161,195,192,170,149,143,133,110,49,47,46,60,73,72,64,58,38,133,140,88,106,146,146,156,154,153,150,151,147,148,148,146,146,146,142,140,132,138,0,0,0,0,0,0,0,0,0,0,0,0,0,0,
0,0,0,0,0,0,0,0,0,0,0,0,0,0,165,139,97,73,84,95,133,119,68,70,110,80,58,49,68,69,77,101,83,112,133,76,101,76,46,52,99,153,171,172,91,108,138,37,47,48,51,64,51,46,106,94,110,120,124,128,130,136,140,139,140,143,149,150,150,154,150,148,148,148,162,202,178,197,196,167,146,142,135,68,48,47,46,64,76,69,65,54,36,110,147,97,127,145,148,155,153,151,149,148,147,147,144,144,144,144,142,140,133,144,0,0,0,0,0,0,0,0,0,0,0,0,0,0,
0,0,0,0,0,0,0,0,0,0,0,0,0,0,166,141,96,72,83,118,114,120,63,92,110,46,68,66,63,77,68,84,71,103,121,113,112,40,66,94,109,152,188,110,91,146,42,52,54,49,50,69,51,42,98,96,104,118,126,128,130,136,140,139,139,139,141,146,146,148,146,145,149,154,170,208,182,200,197,166,141,139,118,45,47,48,50,62,78,71,60,55,38,101,145,104,137,144,152,153,153,151,149,148,147,148,146,145,144,144,142,136,129,148,0,0,0,0,0,0,0,0,0,0,0,0,0,0,
0,0,0,0,0,0,0,0,0,0,0,0,0,0,168,140,97,70,97,119,99,115,64,71,90,54,66,64,72,89,79,76,88,60,104,132,74,46,118,168,165,192,131,92,145,66,38,81,51,46,52,71,56,42,90,93,93,116,124,129,129,135,137,140,136,138,139,136,139,140,143,142,148,151,150,163,180,168,164,150,128,140,76,44,52,50,51,66,78,72,69,60,36,85,149,114,141,143,152,154,153,150,149,146,148,146,148,144,144,143,140,137,128,150,0,0,0,0,0,0,0,0,0,0,0,0,0,0,
0,0,0,0,0,0,0,0,0,0,0,0,0,0,167,138,94,76,126,87,118,123,48,70,70,60,68,54,64,117,101,89,68,95,92,96,95,129,127,182,209,152,97,119,118,38,44,60,48,46,55,65,62,40,87,88,84,111,123,130,126,130,135,140,142,144,116,92,104,117,118,118,109,105,106,120,128,96,109,106,135,128,46,45,50,48,54,66,73,76,60,64,39,71,146,129,146,146,153,156,150,150,148,147,147,146,146,145,143,143,143,135,126,156,0,0,0,0,0,0,0,0,0,0,0,0,0,0,
0,0,0,0,0,0,0,0,0,0,0,0,0,0,163,138,97,131,88,94,142,105,62,59,47,60,68,69,63,139,93,98,100,88,112,70,78,134,130,196,199,102,105,161,45,50,45,50,55,48,57,58,69,42,80,83,82,105,120,125,124,128,134,136,145,145,131,124,111,107,113,122,123,125,129,143,153,138,132,138,144,74,45,49,48,48,62,58,77,77,59,74,45,60,148,142,147,148,154,154,151,151,150,150,146,145,147,145,144,144,142,134,126,163,0,0,0,0,0,0,0,0,0,0,0,0,0,0,
0,0,0,0,0,0,0,0,0,0,0,0,0,0,166,140,136,88,76,123,116,98,64,94,45,42,82,70,69,153,64,92,107,90,62,96,125,147,125,175,126,118,171,71,50,53,45,45,54,45,56,60,68,45,72,78,72,98,113,119,120,123,128,132,142,144,145,134,125,126,124,128,143,164,174,173,182,142,142,146,113,42,44,51,44,48,55,56,81,80,59,74,49,58,153,146,149,149,155,155,153,152,152,151,149,148,146,144,146,143,141,133,124,168,0,0,0,0,0,0,0,0,0,0,0,0,0,0,
0,0,0,0,0,0,0,0,0,0,0,0,0,0,167,154,96,66,94,135,106,78,74,100,46,53,81,79,101,132,100,86,74,115,104,109,141,149,122,182,121,182,92,50,50,56,53,49,52,52,55,59,69,50,74,76,66,88,106,111,116,122,126,130,136,139,143,139,132,125,125,126,129,138,144,138,134,141,148,137,66,46,46,51,49,51,56,58,77,82,68,71,55,57,153,151,151,150,154,154,152,153,152,151,149,149,146,144,144,142,140,131,123,172,0,0,0,0,0,0,0,0,0,0,0,0,0,0,
0,0,0,0,0,0,0,0,0,0,0,0,0,0,164,138,91,64,126,102,108,56,91,84,45,67,65,59,128,123,104,117,84,74,135,114,105,129,136,178,175,123,48,52,53,56,52,51,51,55,60,60,63,54,64,74,64,76,95,104,109,116,123,129,132,137,140,138,134,131,129,125,120,118,121,125,144,147,143,89,52,42,45,49,60,52,54,64,80,84,66,70,59,56,153,152,150,152,154,153,152,153,153,154,153,149,148,144,143,141,137,128,118,174,0,0,0,0,0,0,0,0,0,0,0,0,0,0,
0,0,0,0,0,0,0,0,0,0,0,0,0,0,165,141,94,64,121,100,88,62,88,60,40,74,60,49,142,129,100,139,105,108,98,122,82,118,142,197,158,44,50,49,50,55,52,52,50,51,55,57,58,60,53,64,62,70,82,94,104,112,123,126,132,136,136,138,137,136,137,144,149,154,152,154,152,142,128,55,51,43,48,54,58,52,50,64,83,83,69,72,62,52,152,156,146,153,155,154,152,153,152,152,152,148,147,145,143,141,136,125,117,175,0,0,0,0,0,0,0,0,0,0,0,0,0,0,
0,0,0,0,0,0,0,0,0,0,0,0,0,0,164,140,97,66,96,109,81,81,87,53,38,81,47,57,115,100,114,128,116,99,78,124,116,90,126,183,56,48,52,51,51,58,50,52,50,52,46,56,56,59,49,60,61,61,63,79,95,105,117,127,132,135,137,141,142,150,153,154,166,170,163,158,151,149,81,54,44,46,50,60,60,55,48,73,84,86,70,78,66,53,152,160,146,155,156,154,153,152,151,150,152,149,148,144,141,139,136,124,116,183,0,0,0,0,0,0,0,0,0,0,0,0,0,0,
0,0,0,0,0,0,0,0,0,0,0,0,0,0,165,140,94,68,91,99,67,61,97,53,45,78,49,58,113,88,61,104,135,121,100,128,128,94,102,110,65,48,53,50,54,62,48,54,48,53,46,49,56,56,54,58,61,59,66,49,68,89,102,120,128,133,136,144,147,155,167,164,166,164,169,167,148,145,50,61,47,50,53,61,51,58,48,78,89,88,72,76,70,50,153,159,146,155,156,154,149,150,149,148,150,148,147,142,139,138,133,124,120,195,0,0,0,0,0,0,0,0,0,0,0,0,0,0,
0,0,0,0,0,0,0,0,0,0,0,0,0,0,167,141,92,64,88,84,49,57,99,52,59,68,48,44,117,115,57,82,108,122,134,120,140,111,92,65,55,50,53,48,54,65,49,57,50,53,50,48,51,56,57,56,62,55,72,53,46,61,84,106,114,126,132,139,144,148,158,165,169,165,166,160,146,126,45,57,56,55,54,66,52,52,51,84,87,86,75,80,74,52,152,158,146,146,150,150,148,150,150,148,148,148,143,141,137,136,131,121,128,202,0,0,0,0,0,0,0,0,0,0,0,0,0,0,
0,0,0,0,0,0,0,0,0,0,0,0,0,0,165,138,87,67,138,101,50,74,70,60,62,61,46,45,104,137,76,76,96,112,113,114,144,142,140,121,45,48,51,52,60,74,45,61,50,51,54,49,47,52,60,59,64,56,68,72,57,57,64,70,81,96,108,121,132,141,149,155,164,156,152,144,135,109,47,53,55,56,54,65,54,52,54,83,92,86,78,86,73,60,156,154,130,121,132,136,142,143,148,148,148,146,144,141,138,133,129,117,145,209,0,0,0,0,0,0,0,0,0,0,0,0,0,0,
0,0,0,0,0,0,0,0,0,0,0,0,0,0,162,131,99,176,91,118,48,57,73,62,64,54,46,43,95,130,117,75,63,108,97,115,130,139,83,137,124,46,44,48,62,76,40,61,48,47,52,48,47,50,56,57,58,54,54,76,80,100,114,125,131,139,135,137,140,149,156,156,160,162,166,166,174,162,107,64,54,54,52,59,52,51,54,78,92,90,78,86,70,66,158,146,114,109,114,120,124,124,130,134,142,144,142,140,136,132,124,114,166,214,0,0,0,0,0,0,0,0,0,0,0,0,0,0,
0,0,0,0,0,0,0,0,0,0,0,0,0,0,160,143,173,84,63,97,40,49,85,59,62,66,65,50,82,124,128,94,48,106,143,93,99,128,104,71,158,130,45,50,66,75,45,68,50,52,50,50,49,51,53,60,58,53,50,77,92,117,128,126,127,132,132,136,140,146,148,147,146,146,155,170,186,197,202,192,135,73,50,53,50,50,56,85,92,86,78,85,76,71,160,139,118,122,114,112,112,112,111,113,118,124,126,130,132,129,123,114,179,213,0,0,0,0,0,0,0,0,0,0,0,0,0,0,
0,0,0,0,0,0,0,0,0,0,0,0,0,0,173,171,88,72,106,81,40,40,77,56,51,60,94,63,57,87,115,102,113,139,112,83,98,110,98,122,147,102,111,44,60,69,42,72,49,50,47,55,49,49,50,60,58,56,51,73,98,119,122,125,124,128,135,136,138,143,140,140,142,145,158,174,187,195,199,200,204,198,144,66,41,38,49,80,89,81,75,82,70,73,161,134,132,132,132,125,119,112,106,103,100,102,108,106,108,110,108,104,177,209,0,0,0,0,0,0,0,0,0,0,0,0,0,0,
0,0,0,0,0,0,0,0,0,0,0,0,0,0,172,139,91,110,135,39,40,42,48,102,34,48,108,78,72,39,110,118,87,118,72,108,103,114,114,120,137,68,112,70,58,65,39,71,48,49,46,55,54,48,53,56,64,60,50,64,97,113,120,122,126,128,132,135,138,139,140,139,144,151,164,178,188,190,193,198,202,202,208,202,115,38,48,74,88,76,72,74,71,77,158,138,143,138,140,133,131,127,121,113,107,100,94,91,95,114,101,77,166,207,0,0,0,0,0,0,0,0,0,0,0,0,0,0,
0,0,0,0,0,0,0,0,0,0,0,0,0,0,164,136,137,126,78,42,40,36,78,116,68,86,104,78,62,56,88,72,120,84,74,85,119,114,142,129,91,108,61,124,54,56,43,75,54,54,48,53,62,53,50,58,62,73,53,65,94,114,117,125,126,125,134,140,142,138,136,142,146,156,167,177,186,188,190,193,197,202,204,208,213,154,51,53,84,70,69,76,64,86,156,139,148,144,142,139,137,136,132,125,121,114,108,95,105,129,108,80,176,208,0,0,0,0,0,0,0,0,0,0,0,0,0,0,
0,0,0,0,0,0,0,0,0,0,0,0,0,0,163,142,194,91,66,46,43,41,56,58,86,88,64,64,82,103,44,103,68,66,63,94,97,127,134,147,84,99,97,110,77,49,42,71,53,53,51,51,63,52,51,62,65,89,54,61,94,114,124,122,120,135,136,138,139,138,138,142,152,159,164,172,180,183,187,188,194,198,203,206,210,215,167,51,74,60,66,74,58,93,153,141,148,144,144,143,142,138,135,134,127,124,120,112,115,131,111,109,195,210,0,0,0,0,0,0,0,0,0,0,0,0,0,0,
0,0,0,0,0,0,0,0,0,0,0,0,0,0,163,149,172,130,40,44,55,53,69,56,64,54,66,60,47,52,47,96,72,64,72,84,98,102,138,130,123,85,152,76,119,44,47,72,59,55,52,54,65,57,54,70,68,104,71,52,96,122,117,117,133,136,137,139,140,138,141,148,154,160,164,168,174,177,181,186,190,195,200,205,209,212,218,154,54,48,64,68,58,109,145,142,148,145,142,142,142,140,139,136,132,129,126,120,120,130,120,142,205,211,0,0,0,0,0,0,0,0,0,0,0,0,0,0,
0,0,0,0,0,0,0,0,0,0,0,0,0,0,164,149,146,74,38,44,44,48,62,57,46,42,98,63,50,50,73,46,95,61,72,70,99,100,130,129,141,119,76,120,147,38,38,69,57,52,47,50,64,53,44,62,71,116,86,46,92,114,120,134,130,136,138,138,138,139,142,146,151,158,160,164,172,173,178,182,188,194,198,204,207,210,216,221,116,42,57,56,46,124,139,145,146,145,143,144,141,141,140,137,134,132,126,126,128,138,127,167,211,212,0,0,0,0,0,0,0,0,0,0,0,0,0,0,
0,0,0,0,0,0,0,0,0,0,0,0,0,0,164,145,146,96,35,44,45,67,50,50,51,48,111,52,58,36,82,49,77,83,78,94,74,100,100,123,144,143,40,96,159,49,35,63,60,52,46,48,70,53,52,55,80,118,94,41,86,116,128,132,132,134,138,140,140,140,142,147,150,155,160,163,167,171,176,182,187,192,197,202,205,208,214,220,210,55,54,49,41,134,134,146,145,144,142,144,140,139,138,137,136,132,127,125,125,139,147,184,213,212,0,0,0,0,0,0,0,0,0,0,0,0,0,0,
0,0,0,0,0,0,0,0,0,0,0,0,0,0,168,146,124,83,40,43,52,58,45,49,43,50,118,45,70,36,44,82,85,60,83,102,106,80,90,143,145,104,55,87,190,58,34,66,68,52,46,50,64,48,51,53,93,110,94,45,90,118,129,126,134,132,136,140,140,140,146,147,148,152,157,160,166,171,176,179,184,189,196,201,207,209,212,217,223,138,39,42,38,145,138,149,146,144,142,143,140,139,136,136,134,132,124,121,134,168,188,203,214,214,0,0,0,0,0,0,0,0,0,0,0,0,0,0,
0,0,0,0,0,0,0,0,0,0,0,0,0,0,170,146,132,88,48,44,57,50,44,50,47,69,124,35,71,44,53,57,52,59,75,99,98,82,86,141,134,133,46,70,182,40,39,74,72,54,51,48,64,45,49,64,101,102,106,48,90,120,131,128,135,137,138,135,138,140,142,145,146,153,154,158,165,169,173,179,184,188,194,201,206,208,212,215,220,208,46,36,43,147,141,148,149,145,144,142,141,137,134,134,132,128,122,126,172,198,200,209,216,214,0,0,0,0,0,0,0,0,0,0,0,0,0,0,
0,0,0,0,0,0,0,0,0,0,0,0,0,0,169,145,144,56,48,55,49,44,42,46,35,112,109,41,51,53,57,51,48,48,68,84,116,69,72,144,140,114,110,102,134,107,35,73,66,54,53,48,54,54,54,74,109,122,110,50,95,121,132,134,136,136,136,136,136,137,143,144,146,150,154,158,162,165,172,176,182,187,194,200,205,210,210,214,216,224,104,30,54,145,146,148,145,144,144,142,138,137,134,132,127,127,122,144,205,214,205,210,216,214,0,0,0,0,0,0,0,0,0,0,0,0,0,0,
0,0,0,0,0,0,0,0,0,0,0,0,0,0,170,146,125,47,59,47,44,44,46,38,87,93,84,42,45,67,48,39,51,50,62,58,118,79,95,139,144,124,119,158,98,75,50,60,57,59,56,53,50,51,64,100,123,122,105,57,98,122,128,134,136,137,136,135,137,138,141,143,146,148,154,157,160,164,171,175,181,186,192,198,204,206,210,212,215,221,167,25,67,142,148,146,145,143,143,139,139,138,133,132,128,123,118,163,214,216,208,213,216,212,0,0,0,0,0,0,0,0,0,0,0,0,0,0,
0,0,0,0,0,0,0,0,0,0,0,0,0,0,165,149,121,64,51,44,45,47,48,71,58,68,88,49,46,69,45,43,52,52,70,56,64,107,130,133,113,99,137,153,114,88,64,54,55,66,56,55,50,54,74,110,125,124,98,59,101,126,131,131,138,141,136,136,134,137,139,140,143,146,151,155,159,162,168,172,178,188,191,197,203,205,208,211,214,217,210,38,78,140,146,148,142,142,140,139,138,138,134,132,127,124,124,174,213,209,205,215,216,207,0,0,0,0,0,0,0,0,0,0,0,0,0,0,
0,0,0,0,0,0,0,0,0,0,0,0,0,0,167,147,134,66,44,46,44,50,48,54,51,62,80,51,58,49,52,48,50,52,89,53,38,85,128,126,118,79,42,68,69,81,108,107,115,81,55,54,48,62,86,118,124,128,90,70,107,128,133,132,138,140,137,137,133,134,136,142,141,148,150,153,157,159,166,168,178,183,190,196,200,204,207,210,213,215,220,80,91,140,144,150,142,142,140,138,138,138,136,132,125,125,127,183,213,206,205,216,214,194,0,0,0,0,0,0,0,0,0,0,0,0,0,0,
0,0,0,0,0,0,0,0,0,0,0,0,0,0,170,148,127,54,50,46,43,48,46,61,49,58,64,55,48,51,62,39,52,45,87,51,80,87,110,116,109,136,56,76,50,41,62,55,58,85,62,47,49,76,97,121,126,129,76,83,116,131,134,137,139,138,140,137,134,135,138,139,141,144,148,152,156,159,164,168,172,181,189,194,198,204,206,209,212,213,217,131,95,142,148,147,142,142,142,139,138,139,136,132,127,130,129,172,206,203,204,217,210,178,0,0,0,0,0,0,0,0,0,0,0,0,0,0,
0,0,0,0,0,0,0,0,0,0,0,0,0,0,168,148,144,65,51,41,41,55,78,56,44,58,59,52,52,50,64,42,56,62,65,90,54,115,110,125,81,95,121,81,64,51,54,54,58,48,54,44,58,83,106,120,126,122,62,92,122,132,139,138,140,140,139,138,136,135,136,137,140,145,148,151,154,158,163,165,170,178,186,192,197,200,206,208,210,212,213,186,106,142,139,144,143,144,143,143,140,140,137,133,131,133,136,142,172,182,206,217,206,164,0,0,0,0,0,0,0,0,0,0,0,0,0,0,
0,0,0,0,0,0,0,0,0,0,0,0,0,0,0,0,0,0,0,0,0,0,0,0,0,0,0,0,0,0,0,0,0,0,0,0,0,0,0,0,0,0,0,0,0,0,0,0,0,0,0,0,0,0,0,0,0,0,0,0,0,0,0,0,0,0,0,0,0,0,0,0,0,0,0,0,0,0,0,0,0,0,0,0,0,0,0,0,0,0,0,0,0,0,0,0,0,0,0,0,0,0,0,0,0,0,0,0,0,0,0,0,0,0,0,0,0,0,0,0,0,0,0,0,0,0,0,0,
0,0,0,0,0,0,0,0,0,0,0,0,0,0,0,0,0,0,0,0,0,0,0,0,0,0,0,0,0,0,0,0,0,0,0,0,0,0,0,0,0,0,0,0,0,0,0,0,0,0,0,0,0,0,0,0,0,0,0,0,0,0,0,0,0,0,0,0,0,0,0,0,0,0,0,0,0,0,0,0,0,0,0,0,0,0,0,0,0,0,0,0,0,0,0,0,0,0,0,0,0,0,0,0,0,0,0,0,0,0,0,0,0,0,0,0,0,0,0,0,0,0,0,0,0,0,0,0,
0,0,0,0,0,0,0,0,0,0,0,0,0,0,0,0,0,0,0,0,0,0,0,0,0,0,0,0,0,0,0,0,0,0,0,0,0,0,0,0,0,0,0,0,0,0,0,0,0,0,0,0,0,0,0,0,0,0,0,0,0,0,0,0,0,0,0,0,0,0,0,0,0,0,0,0,0,0,0,0,0,0,0,0,0,0,0,0,0,0,0,0,0,0,0,0,0,0,0,0,0,0,0,0,0,0,0,0,0,0,0,0,0,0,0,0,0,0,0,0,0,0,0,0,0,0,0,0,
0,0,0,0,0,0,0,0,0,0,0,0,0,0,0,0,0,0,0,0,0,0,0,0,0,0,0,0,0,0,0,0,0,0,0,0,0,0,0,0,0,0,0,0,0,0,0,0,0,0,0,0,0,0,0,0,0,0,0,0,0,0,0,0,0,0,0,0,0,0,0,0,0,0,0,0,0,0,0,0,0,0,0,0,0,0,0,0,0,0,0,0,0,0,0,0,0,0,0,0,0,0,0,0,0,0,0,0,0,0,0,0,0,0,0,0,0,0,0,0,0,0,0,0,0,0,0,0,
0,0,0,0,0,0,0,0,0,0,0,0,0,0,0,0,0,0,0,0,0,0,0,0,0,0,0,0,0,0,0,0,0,0,0,0,0,0,0,0,0,0,0,0,0,0,0,0,0,0,0,0,0,0,0,0,0,0,0,0,0,0,0,0,0,0,0,0,0,0,0,0,0,0,0,0,0,0,0,0,0,0,0,0,0,0,0,0,0,0,0,0,0,0,0,0,0,0,0,0,0,0,0,0,0,0,0,0,0,0,0,0,0,0,0,0,0,0,0,0,0,0,0,0,0,0,0,0,
0,0,0,0,0,0,0,0,0,0,0,0,0,0,0,0,0,0,0,0,0,0,0,0,0,0,0,0,0,0,0,0,0,0,0,0,0,0,0,0,0,0,0,0,0,0,0,0,0,0,0,0,0,0,0,0,0,0,0,0,0,0,0,0,0,0,0,0,0,0,0,0,0,0,0,0,0,0,0,0,0,0,0,0,0,0,0,0,0,0,0,0,0,0,0,0,0,0,0,0,0,0,0,0,0,0,0,0,0,0,0,0,0,0,0,0,0,0,0,0,0,0,0,0,0,0,0,0,
0,0,0,0,0,0,0,0,0,0,0,0,0,0,0,0,0,0,0,0,0,0,0,0,0,0,0,0,0,0,0,0,0,0,0,0,0,0,0,0,0,0,0,0,0,0,0,0,0,0,0,0,0,0,0,0,0,0,0,0,0,0,0,0,0,0,0,0,0,0,0,0,0,0,0,0,0,0,0,0,0,0,0,0,0,0,0,0,0,0,0,0,0,0,0,0,0,0,0,0,0,0,0,0,0,0,0,0,0,0,0,0,0,0,0,0,0,0,0,0,0,0,0,0,0,0,0,0,
0,0,0,0,0,0,0,0,0,0,0,0,0,0,0,0,0,0,0,0,0,0,0,0,0,0,0,0,0,0,0,0,0,0,0,0,0,0,0,0,0,0,0,0,0,0,0,0,0,0,0,0,0,0,0,0,0,0,0,0,0,0,0,0,0,0,0,0,0,0,0,0,0,0,0,0,0,0,0,0,0,0,0,0,0,0,0,0,0,0,0,0,0,0,0,0,0,0,0,0,0,0,0,0,0,0,0,0,0,0,0,0,0,0,0,0,0,0,0,0,0,0,0,0,0,0,0,0,
0,0,0,0,0,0,0,0,0,0,0,0,0,0,0,0,0,0,0,0,0,0,0,0,0,0,0,0,0,0,0,0,0,0,0,0,0,0,0,0,0,0,0,0,0,0,0,0,0,0,0,0,0,0,0,0,0,0,0,0,0,0,0,0,0,0,0,0,0,0,0,0,0,0,0,0,0,0,0,0,0,0,0,0,0,0,0,0,0,0,0,0,0,0,0,0,0,0,0,0,0,0,0,0,0,0,0,0,0,0,0,0,0,0,0,0,0,0,0,0,0,0,0,0,0,0,0,0,
0,0,0,0,0,0,0,0,0,0,0,0,0,0,0,0,0,0,0,0,0,0,0,0,0,0,0,0,0,0,0,0,0,0,0,0,0,0,0,0,0,0,0,0,0,0,0,0,0,0,0,0,0,0,0,0,0,0,0,0,0,0,0,0,0,0,0,0,0,0,0,0,0,0,0,0,0,0,0,0,0,0,0,0,0,0,0,0,0,0,0,0,0,0,0,0,0,0,0,0,0,0,0,0,0,0,0,0,0,0,0,0,0,0,0,0,0,0,0,0,0,0,0,0,0,0,0,0,
0,0,0,0,0,0,0,0,0,0,0,0,0,0,0,0,0,0,0,0,0,0,0,0,0,0,0,0,0,0,0,0,0,0,0,0,0,0,0,0,0,0,0,0,0,0,0,0,0,0,0,0,0,0,0,0,0,0,0,0,0,0,0,0,0,0,0,0,0,0,0,0,0,0,0,0,0,0,0,0,0,0,0,0,0,0,0,0,0,0,0,0,0,0,0,0,0,0,0,0,0,0,0,0,0,0,0,0,0,0,0,0,0,0,0,0,0,0,0,0,0,0,0,0,0,0,0,0,
0,0,0,0,0,0,0,0,0,0,0,0,0,0,0,0,0,0,0,0,0,0,0,0,0,0,0,0,0,0,0,0,0,0,0,0,0,0,0,0,0,0,0,0,0,0,0,0,0,0,0,0,0,0,0,0,0,0,0,0,0,0,0,0,0,0,0,0,0,0,0,0,0,0,0,0,0,0,0,0,0,0,0,0,0,0,0,0,0,0,0,0,0,0,0,0,0,0,0,0,0,0,0,0,0,0,0,0,0,0,0,0,0,0,0,0,0,0,0,0,0,0,0,0,0,0,0,0,
0,0,0,0,0,0,0,0,0,0,0,0,0,0,0,0,0,0,0,0,0,0,0,0,0,0,0,0,0,0,0,0,0,0,0,0,0,0,0,0,0,0,0,0,0,0,0,0,0,0,0,0,0,0,0,0,0,0,0,0,0,0,0,0,0,0,0,0,0,0,0,0,0,0,0,0,0,0,0,0,0,0,0,0,0,0,0,0,0,0,0,0,0,0,0,0,0,0,0,0,0,0,0,0,0,0,0,0,0,0,0,0,0,0,0,0,0,0,0,0,0,0,0,0,0,0,0,0,
0,0,0,0,0,0,0,0,0,0,0,0,0,0,0,0,0,0,0,0,0,0,0,0,0,0,0,0,0,0,0,0,0,0,0,0,0,0,0,0,0,0,0,0,0,0,0,0,0,0,0,0,0,0,0,0,0,0,0,0,0,0,0,0,0,0,0,0,0,0,0,0,0,0,0,0,0,0,0,0,0,0,0,0,0,0,0,0,0,0,0,0,0,0,0,0,0,0,0,0,0,0,0,0,0,0,0,0,0,0,0,0,0,0,0,0,0,0,0,0,0,0,0,0,0,0,0,0,
